week_number,carrier_name,is_late,cancelled,flight_number
1,Alaska Airlines,1031,331,5910
1,Allegiant Air,910,44,3797
1,American Airlines,4490,38,22371
1,Delta Air Lines,2380,8,20831
1,Endeavor Air,439,22,4323
1,Envoy Air,964,24,6292
1,Frontier Airlines,1203,34,4803
1,Hawaiian Airlines,338,27,1959
1,JetBlue Airways,1826,109,6089
1,PSA Airlines,796,25,4985
1,Republic Airways,490,44,5634
1,SkyWest Airlines,2775,74,16576
1,Southwest Airlines,7021,142,36056
1,Spirit Airlines,1584,29,6290
1,United Airlines,2372,372,17699
2,Alaska Airlines,1127,955,3918
2,Allegiant Air,444,103,1771
2,American Airlines,6603,498,17272
2,Delta Air Lines,4277,242,16299
2,Endeavor Air,1012,184,3855
2,Envoy Air,1785,418,4609
2,Frontier Airlines,1088,123,3435
2,Hawaiian Airlines,521,22,1489
2,JetBlue Airways,1326,112,4408
2,PSA Airlines,907,197,3702
2,Republic Airways,886,287,5387
2,SkyWest Airlines,3596,988,12751
2,Southwest Airlines,7712,1375,25371
2,Spirit Airlines,1567,153,4744
2,United Airlines,3371,1638,13187
3,Alaska Airlines,884,978,3866
3,Allegiant Air,422,54,1757
3,American Airlines,5781,639,17582
3,Delta Air Lines,4460,211,17442
3,Endeavor Air,1327,393,3979
3,Envoy Air,1201,285,4678
3,Frontier Airlines,1027,156,3167
3,Hawaiian Airlines,351,21,1469
3,JetBlue Airways,1593,98,4317
3,PSA Airlines,1269,531,3756
3,Republic Airways,1595,665,5469
3,SkyWest Airlines,3889,837,13003
3,Southwest Airlines,6599,1618,25372
3,Spirit Airlines,1207,107,4448
3,United Airlines,3488,1630,13191
4,Alaska Airlines,708,756,3868
4,Allegiant Air,251,26,1730
4,American Airlines,4559,68,17609
4,Delta Air Lines,2371,18,17475
4,Endeavor Air,825,109,3970
4,Envoy Air,1330,209,4678
4,Frontier Airlines,598,25,3027
4,Hawaiian Airlines,333,12,1464
4,JetBlue Airways,728,11,4300
4,PSA Airlines,893,192,3756
4,Republic Airways,513,61,5501
4,SkyWest Airlines,2699,474,13015
4,Southwest Airlines,4583,440,25372
4,Spirit Airlines,777,13,4456
4,United Airlines,2171,1067,13232
5,Alaska Airlines,950,172,3864
5,Allegiant Air,256,3,1737
5,American Airlines,2907,16,17599
5,Delta Air Lines,1659,5,16616
5,Endeavor Air,321,0,3809
5,Envoy Air,519,15,4656
5,Frontier Airlines,508,4,3018
5,Hawaiian Airlines,351,17,1443
5,JetBlue Airways,650,11,4312
5,PSA Airlines,449,1,3756
5,Republic Airways,321,4,5360
5,SkyWest Airlines,1996,423,12978
5,Southwest Airlines,3874,312,25372
5,Spirit Airlines,736,29,4456
5,United Airlines,2120,146,13272
6,Alaska Airlines,446,14,3876
6,Allegiant Air,177,0,1742
6,American Airlines,3126,41,17598
6,Delta Air Lines,1375,5,16633
6,Endeavor Air,227,0,3733
6,Envoy Air,626,1,4624
6,Frontier Airlines,413,0,3032
6,Hawaiian Airlines,158,18,1467
6,JetBlue Airways,602,18,4295
6,PSA Airlines,398,1,3800
6,Republic Airways,189,0,5186
6,SkyWest Airlines,2207,78,12829
6,Southwest Airlines,3598,42,25393
6,Spirit Airlines,732,3,4492
6,United Airlines,1585,27,13342
7,Alaska Airlines,606,20,4042
7,Allegiant Air,526,6,2088
7,American Airlines,3352,47,17867
7,Delta Air Lines,2207,84,16780
7,Endeavor Air,471,190,3605
7,Envoy Air,514,18,4794
7,Frontier Airlines,883,24,3512
7,Hawaiian Airlines,436,30,1468
7,JetBlue Airways,1486,200,4653
7,PSA Airlines,670,32,3755
7,Republic Airways,522,286,5155
7,SkyWest Airlines,2094,107,12545
7,Southwest Airlines,3900,85,25367
7,Spirit Airlines,1336,88,4798
7,United Airlines,2250,140,13693
8,Alaska Airlines,637,25,4254
8,Allegiant Air,340,2,2304
8,American Airlines,2863,8,18509
8,Delta Air Lines,1662,2,17955
8,Endeavor Air,252,0,3887
8,Envoy Air,454,0,5066
8,Frontier Airlines,645,6,3722
8,Hawaiian Airlines,198,14,1472
8,JetBlue Airways,1204,26,4952
8,PSA Airlines,389,0,3766
8,Republic Airways,268,0,5238
8,SkyWest Airlines,1641,25,12995
8,Southwest Airlines,3324,20,25337
8,Spirit Airlines,952,11,5012
8,United Airlines,1693,27,14067
9,Alaska Airlines,965,37,4255
9,Allegiant Air,492,2,2204
9,American Airlines,4025,24,18557
9,Delta Air Lines,2699,12,17882
9,Endeavor Air,540,43,3894
9,Envoy Air,640,12,5104
9,Frontier Airlines,978,19,3723
9,Hawaiian Airlines,182,7,1470
9,JetBlue Airways,1501,29,4930
9,PSA Airlines,615,2,3772
9,Republic Airways,589,18,5205
9,SkyWest Airlines,2247,331,13007
9,Southwest Airlines,5089,80,25331
9,Spirit Airlines,1381,91,5013
9,United Airlines,2785,76,14079
10,Alaska Airlines,853,23,4274
10,Allegiant Air,543,41,2338
10,American Airlines,5378,433,18555
10,Delta Air Lines,2599,13,18054
10,Endeavor Air,418,2,3890
10,Envoy Air,1204,113,5127
10,Frontier Airlines,1069,134,3765
10,Hawaiian Airlines,169,13,1455
10,JetBlue Airways,1317,69,4878
10,PSA Airlines,703,29,3920
10,Republic Airways,450,12,5411
10,SkyWest Airlines,1826,39,12636
10,Southwest Airlines,6299,445,27422
10,Spirit Airlines,1267,187,5080
10,United Airlines,2565,73,14559
11,Alaska Airlines,921,23,4444
11,Allegiant Air,626,12,2516
11,American Airlines,4633,112,18636
11,Delta Air Lines,2697,1,19032
11,Endeavor Air,490,0,3880
11,Envoy Air,1027,124,5132
11,Frontier Airlines,1103,194,3939
11,Hawaiian Airlines,161,6,1431
11,JetBlue Airways,1259,88,4868
11,PSA Airlines,585,18,3954
11,Republic Airways,549,14,5603
11,SkyWest Airlines,1768,334,12617
11,Southwest Airlines,6652,539,29018
11,Spirit Airlines,1498,54,5186
11,United Airlines,2767,148,14841
12,Alaska Airlines,748,31,4547
12,Allegiant Air,594,13,2528
12,American Airlines,4735,293,18635
12,Delta Air Lines,3027,60,19009
12,Endeavor Air,551,12,3872
12,Envoy Air,955,45,5132
12,Frontier Airlines,1223,48,3957
12,Hawaiian Airlines,221,12,1468
12,JetBlue Airways,1490,106,4880
12,PSA Airlines,553,14,3954
12,Republic Airways,455,32,5603
12,SkyWest Airlines,1982,105,12714
12,Southwest Airlines,6016,50,29018
12,Spirit Airlines,1356,25,5200
12,United Airlines,2559,39,14833
13,Alaska Airlines,1021,44,4530
13,Allegiant Air,451,5,2521
13,American Airlines,4681,52,18543
13,Delta Air Lines,3349,27,19021
13,Endeavor Air,417,0,3872
13,Envoy Air,787,6,5136
13,Frontier Airlines,1277,69,3983
13,Hawaiian Airlines,88,3,1465
13,JetBlue Airways,1600,34,4876
13,PSA Airlines,595,0,3954
13,Republic Airways,453,2,5616
13,SkyWest Airlines,2173,72,12745
13,Southwest Airlines,5371,83,28999
13,Spirit Airlines,1347,45,5213
13,United Airlines,2621,30,14754
14,Alaska Airlines,949,45,4516
14,Allegiant Air,396,0,2463
14,American Airlines,4110,243,18791
14,Delta Air Lines,3472,98,18962
14,Endeavor Air,562,137,3770
14,Envoy Air,883,25,5299
14,Frontier Airlines,1092,79,4013
14,Hawaiian Airlines,150,14,1500
14,JetBlue Airways,1331,224,4717
14,PSA Airlines,881,24,4199
14,Republic Airways,1003,213,5545
14,SkyWest Airlines,2365,149,13898
14,Southwest Airlines,5193,152,29006
14,Spirit Airlines,1091,129,5196
14,United Airlines,2897,164,14264
15,Alaska Airlines,822,31,4556
15,Allegiant Air,401,36,2199
15,American Airlines,5121,152,19024
15,Delta Air Lines,3553,6,19188
15,Endeavor Air,594,21,3972
15,Envoy Air,1062,66,5442
15,Frontier Airlines,1224,67,3976
15,Hawaiian Airlines,293,28,1490
15,JetBlue Airways,1296,56,4670
15,PSA Airlines,1108,35,4389
15,Republic Airways,725,6,5499
15,SkyWest Airlines,1954,52,13887
15,Southwest Airlines,5826,118,27885
15,Spirit Airlines,945,75,5118
15,United Airlines,2686,56,14270
16,Alaska Airlines,1089,21,4526
16,Allegiant Air,168,2,2098
16,American Airlines,4633,365,19022
16,Delta Air Lines,2613,11,19453
16,Endeavor Air,435,0,3988
16,Envoy Air,874,189,5442
16,Frontier Airlines,1011,75,3958
16,Hawaiian Airlines,230,20,1482
16,JetBlue Airways,861,5,4690
16,PSA Airlines,1016,49,4387
16,Republic Airways,482,0,5536
16,SkyWest Airlines,2174,107,13933
16,Southwest Airlines,5732,87,27779
16,Spirit Airlines,772,22,5106
16,United Airlines,2661,65,14198
17,Alaska Airlines,843,10,4548
17,Allegiant Air,216,5,2041
17,American Airlines,4109,24,19017
17,Delta Air Lines,2283,1,19579
17,Endeavor Air,333,0,4028
17,Envoy Air,1121,50,5442
17,Frontier Airlines,1210,61,4014
17,Hawaiian Airlines,180,15,1482
17,JetBlue Airways,632,3,4693
17,PSA Airlines,636,22,4390
17,Republic Airways,406,0,5613
17,SkyWest Airlines,2265,82,13949
17,Southwest Airlines,4995,110,27788
17,Spirit Airlines,711,7,5135
17,United Airlines,2381,40,14208
18,Alaska Airlines,732,14,4584
18,Allegiant Air,217,0,2006
18,American Airlines,4419,13,19016
18,Delta Air Lines,2424,2,19585
18,Endeavor Air,419,2,4016
18,Envoy Air,1018,31,5439
18,Frontier Airlines,1077,30,4030
18,Hawaiian Airlines,153,24,1483
18,JetBlue Airways,927,1,4757
18,PSA Airlines,1074,9,4383
18,Republic Airways,583,2,5638
18,SkyWest Airlines,2365,200,13989
18,Southwest Airlines,5503,31,27770
18,Spirit Airlines,976,18,5136
18,United Airlines,3411,292,14310
19,Alaska Airlines,1128,39,4588
19,Allegiant Air,446,23,1953
19,American Airlines,7162,293,19685
19,Delta Air Lines,4853,147,20065
19,Endeavor Air,569,13,3636
19,Envoy Air,1780,129,5574
19,Frontier Airlines,1319,102,4034
19,Hawaiian Airlines,241,37,1485
19,JetBlue Airways,1133,7,4790
19,PSA Airlines,1446,30,4223
19,Republic Airways,878,21,5745
19,SkyWest Airlines,2967,207,13991
19,Southwest Airlines,7483,48,27685
19,Spirit Airlines,1301,38,5213
19,United Airlines,3546,107,14364
20,Alaska Airlines,1051,22,4764
20,Allegiant Air,453,9,2043
20,American Airlines,7366,496,19733
20,Delta Air Lines,4118,3,20148
20,Endeavor Air,335,0,3570
20,Envoy Air,1920,130,5578
20,Frontier Airlines,1413,143,4161
20,Hawaiian Airlines,468,43,1491
20,JetBlue Airways,1285,34,4799
20,PSA Airlines,1123,55,4224
20,Republic Airways,563,0,5754
20,SkyWest Airlines,2519,91,13988
20,Southwest Airlines,8386,205,27695
20,Spirit Airlines,1662,88,5267
20,United Airlines,3121,130,14369
21,Alaska Airlines,1372,21,4984
21,Allegiant Air,499,0,2250
21,American Airlines,6704,415,19558
21,Delta Air Lines,3736,3,19592
21,Endeavor Air,728,92,3526
21,Envoy Air,1925,206,5430
21,Frontier Airlines,1583,98,4361
21,Hawaiian Airlines,285,50,1502
21,JetBlue Airways,1180,25,4807
21,PSA Airlines,966,29,4196
21,Republic Airways,1262,81,5730
21,SkyWest Airlines,2978,213,13865
21,Southwest Airlines,6639,100,27073
21,Spirit Airlines,1294,36,5322
21,United Airlines,3663,113,14454
22,Alaska Airlines,1132,35,5034
22,Allegiant Air,494,13,2626
22,American Airlines,7130,2372,19633
22,Delta Air Lines,4390,10,20160
22,Endeavor Air,619,96,3700
22,Envoy Air,1908,401,5578
22,Frontier Airlines,1428,175,4433
22,Hawaiian Airlines,261,27,1542
22,JetBlue Airways,966,38,4800
22,PSA Airlines,1054,76,4204
22,Republic Airways,716,181,5802
22,SkyWest Airlines,2777,161,14245
22,Southwest Airlines,7367,464,27692
22,Spirit Airlines,1322,97,5337
22,United Airlines,4214,181,14768
23,Alaska Airlines,1177,30,5042
23,Allegiant Air,651,14,2710
23,American Airlines,6182,325,19938
23,Delta Air Lines,3650,1,20565
23,Endeavor Air,805,66,3870
23,Envoy Air,1865,39,5791
23,Frontier Airlines,1646,179,4468
23,Hawaiian Airlines,305,23,1541
23,JetBlue Airways,1003,42,4774
23,PSA Airlines,1045,68,4305
23,Republic Airways,834,85,5731
23,SkyWest Airlines,3001,142,14431
23,Southwest Airlines,7137,78,28999
23,Spirit Airlines,1313,45,5425
23,United Airlines,3191,148,14765
24,Alaska Airlines,1115,32,5146
24,Allegiant Air,592,54,2786
24,American Airlines,6267,580,20079
24,Delta Air Lines,3553,86,21054
24,Endeavor Air,476,88,3961
24,Envoy Air,1458,162,5910
24,Frontier Airlines,1502,223,4416
24,Hawaiian Airlines,152,3,1540
24,JetBlue Airways,1258,191,4655
24,PSA Airlines,530,0,4359
24,Republic Airways,593,82,5778
24,SkyWest Airlines,2852,70,14507
24,Southwest Airlines,6693,191,29168
24,Spirit Airlines,1409,302,5477
24,United Airlines,2907,202,14769
25,Alaska Airlines,1346,37,5288
25,Allegiant Air,657,22,2910
25,American Airlines,4805,58,20043
25,Delta Air Lines,3879,26,21136
25,Endeavor Air,672,122,3994
25,Envoy Air,1251,24,5910
25,Frontier Airlines,1377,90,4290
25,Hawaiian Airlines,164,5,1543
25,JetBlue Airways,1187,102,4559
25,PSA Airlines,544,13,4356
25,Republic Airways,957,214,5778
25,SkyWest Airlines,3487,147,14526
25,Southwest Airlines,6700,43,29168
25,Spirit Airlines,1146,77,5490
25,United Airlines,3576,215,14766
26,Alaska Airlines,1341,41,5277
26,Allegiant Air,928,46,2982
26,American Airlines,6992,398,20023
26,Delta Air Lines,5007,77,20791
26,Endeavor Air,1050,266,3935
26,Envoy Air,1564,95,5912
26,Frontier Airlines,1472,107,4220
26,Hawaiian Airlines,255,6,1543
26,JetBlue Airways,1634,154,4562
26,PSA Airlines,834,114,4344
26,Republic Airways,1233,392,5769
26,SkyWest Airlines,3181,157,14420
26,Southwest Airlines,8502,89,29184
26,Spirit Airlines,1845,164,5511
26,United Airlines,3735,186,14700
27,Alaska Airlines,1061,24,5362
27,Allegiant Air,689,30,3032
27,American Airlines,5008,174,18948
27,Delta Air Lines,3020,11,19080
27,Endeavor Air,650,104,3615
27,Envoy Air,1286,53,5543
27,Frontier Airlines,1101,58,4336
27,Hawaiian Airlines,120,20,1546
27,JetBlue Airways,1116,32,4523
27,PSA Airlines,833,73,4193
27,Republic Airways,717,81,5588
27,SkyWest Airlines,2196,118,13746
27,Southwest Airlines,5150,156,27478
27,Spirit Airlines,1122,50,5391
27,United Airlines,2837,159,14426
28,Alaska Airlines,1422,87,5402
28,Allegiant Air,853,15,2978
28,American Airlines,7194,348,20220
28,Delta Air Lines,5200,80,21357
28,Endeavor Air,1004,174,3962
28,Envoy Air,1730,103,6008
28,Frontier Airlines,1439,203,4401
28,Hawaiian Airlines,292,21,1541
28,JetBlue Airways,1524,67,4560
28,PSA Airlines,1314,94,4635
28,Republic Airways,1179,106,5842
28,SkyWest Airlines,2998,244,14622
28,Southwest Airlines,8269,414,29238
28,Spirit Airlines,2041,316,5619
28,United Airlines,3873,567,14860
29,Alaska Airlines,1415,69,5392
29,Allegiant Air,1058,358,2982
29,American Airlines,8551,1181,20217
29,Delta Air Lines,7668,4193,21358
29,Endeavor Air,1276,905,3960
29,Envoy Air,2188,80,6002
29,Frontier Airlines,1685,445,4407
29,Hawaiian Airlines,260,6,1541
29,JetBlue Airways,1380,106,4556
29,PSA Airlines,2043,310,4622
29,Republic Airways,1658,339,5838
29,SkyWest Airlines,3897,147,14639
29,Southwest Airlines,10366,159,29226
29,Spirit Airlines,2393,695,5673
29,United Airlines,5328,1485,14905
30,Alaska Airlines,1376,31,5400
30,Allegiant Air,779,12,2963
30,American Airlines,8157,440,20200
30,Delta Air Lines,6645,1752,21355
30,Endeavor Air,1057,169,3960
30,Envoy Air,1445,38,6000
30,Frontier Airlines,1459,129,4430
30,Hawaiian Airlines,211,5,1540
30,JetBlue Airways,1404,27,4587
30,PSA Airlines,1493,231,4622
30,Republic Airways,1177,145,5820
30,SkyWest Airlines,2930,52,14648
30,Southwest Airlines,8411,77,29232
30,Spirit Airlines,1962,170,5676
30,United Airlines,3974,196,14869
31,Alaska Airlines,1456,51,5388
31,Allegiant Air,882,96,2849
31,American Airlines,7001,1202,20220
31,Delta Air Lines,6266,319,21267
31,Endeavor Air,1157,462,3969
31,Envoy Air,1360,87,6002
31,Frontier Airlines,1668,234,4455
31,Hawaiian Airlines,169,11,1537
31,JetBlue Airways,1666,343,4611
31,PSA Airlines,1524,259,4622
31,Republic Airways,1505,756,5685
31,SkyWest Airlines,3001,72,14735
31,Southwest Airlines,7310,404,29221
31,Spirit Airlines,1795,357,5678
31,United Airlines,3903,412,14765
32,Alaska Airlines,1436,81,5380
32,Allegiant Air,751,103,2785
32,American Airlines,6998,793,19744
32,Delta Air Lines,4934,296,20967
32,Endeavor Air,978,511,3975
32,Envoy Air,1410,70,5938
32,Frontier Airlines,1733,241,4433
32,Hawaiian Airlines,166,4,1535
32,JetBlue Airways,1953,338,4639
32,PSA Airlines,1365,220,4765
32,Republic Airways,1419,601,5660
32,SkyWest Airlines,3619,79,15031
32,Southwest Airlines,6951,379,26453
32,Spirit Airlines,1925,430,5648
32,United Airlines,4075,400,14813
33,Alaska Airlines,1070,59,5378
33,Allegiant Air,268,0,1794
33,American Airlines,5268,125,19711
33,Delta Air Lines,3261,78,20523
33,Endeavor Air,599,139,3935
33,Envoy Air,915,5,5947
33,Frontier Airlines,985,70,4129
33,Hawaiian Airlines,180,23,1532
33,JetBlue Airways,1392,95,4653
33,PSA Airlines,950,51,4802
33,Republic Airways,847,224,5790
33,SkyWest Airlines,2912,61,15053
33,Southwest Airlines,3770,106,26465
33,Spirit Airlines,1244,90,5593
33,United Airlines,2816,263,15004
34,Alaska Airlines,1319,58,5100
34,Allegiant Air,281,0,1530
34,American Airlines,5053,128,19679
34,Delta Air Lines,2465,28,20448
34,Endeavor Air,437,96,3883
34,Envoy Air,938,23,5945
34,Frontier Airlines,1142,54,4171
34,Hawaiian Airlines,156,52,1545
34,JetBlue Airways,1393,128,4635
34,PSA Airlines,913,11,4802
34,Republic Airways,714,234,6088
34,SkyWest Airlines,2552,31,14759
34,Southwest Airlines,3728,78,26471
34,Spirit Airlines,1463,90,5615
34,United Airlines,2688,155,14987
35,Alaska Airlines,929,21,5044
35,Allegiant Air,286,0,1516
35,American Airlines,4682,353,17898
35,Delta Air Lines,2576,14,18749
35,Endeavor Air,568,16,3540
35,Envoy Air,1090,16,5424
35,Frontier Airlines,1067,72,4166
35,Hawaiian Airlines,150,17,1533
35,JetBlue Airways,1241,14,4564
35,PSA Airlines,1020,194,4382
35,Republic Airways,941,74,5974
35,SkyWest Airlines,2109,44,14028
35,Southwest Airlines,4299,83,25245
35,Spirit Airlines,1175,57,5135
35,United Airlines,2806,150,14810
36,Alaska Airlines,983,44,5051
36,Allegiant Air,227,0,1572
36,American Airlines,3222,34,18755
36,Delta Air Lines,1422,1,18227
36,Endeavor Air,263,0,3558
36,Envoy Air,890,1,5547
36,Frontier Airlines,793,37,4153
36,Hawaiian Airlines,135,8,1510
36,JetBlue Airways,783,5,4373
36,PSA Airlines,701,4,4639
36,Republic Airways,410,28,5747
36,SkyWest Airlines,2295,12,14677
36,Southwest Airlines,2945,13,26380
36,Spirit Airlines,801,13,5024
36,United Airlines,1766,48,14885
37,Alaska Airlines,962,29,5061
37,Allegiant Air,249,3,1497
37,American Airlines,2804,24,18857
37,Delta Air Lines,2260,29,20305
37,Endeavor Air,244,6,3770
37,Envoy Air,623,22,5489
37,Frontier Airlines,855,21,3987
37,Hawaiian Airlines,135,9,1504
37,JetBlue Airways,593,7,4228
37,PSA Airlines,628,34,4650
37,Republic Airways,355,2,6017
37,SkyWest Airlines,1970,37,15217
37,Southwest Airlines,3209,134,26370
37,Spirit Airlines,727,28,4671
37,United Airlines,1617,71,14893
38,Alaska Airlines,985,13,5005
38,Allegiant Air,228,0,1530
38,American Airlines,3422,4,18848
38,Delta Air Lines,2490,1,20300
38,Endeavor Air,307,0,3756
38,Envoy Air,778,5,5489
38,Frontier Airlines,1021,17,3994
38,Hawaiian Airlines,155,3,1504
38,JetBlue Airways,825,3,4225
38,PSA Airlines,742,0,4650
38,Republic Airways,725,0,5979
38,SkyWest Airlines,2461,8,15243
38,Southwest Airlines,3980,27,26374
38,Spirit Airlines,842,14,4669
38,United Airlines,2134,28,14870
39,Alaska Airlines,984,49,4990
39,Allegiant Air,293,146,1625
39,American Airlines,4245,409,18853
39,Delta Air Lines,3758,294,20288
39,Endeavor Air,570,100,3764
39,Envoy Air,902,107,5488
39,Frontier Airlines,988,196,3977
39,Hawaiian Airlines,146,11,1508
39,JetBlue Airways,728,60,4233
39,PSA Airlines,1545,316,4650
39,Republic Airways,856,53,6015
39,SkyWest Airlines,2310,45,15290
39,Southwest Airlines,4504,314,26341
39,Spirit Airlines,776,179,4670
39,United Airlines,2053,184,15249
40,Alaska Airlines,796,25,4721
40,Allegiant Air,333,23,2095
40,American Airlines,2823,5,18849
40,Delta Air Lines,1826,33,20309
40,Endeavor Air,306,3,3796
40,Envoy Air,604,3,5477
40,Frontier Airlines,909,38,3990
40,Hawaiian Airlines,167,20,1510
40,JetBlue Airways,659,1,4381
40,PSA Airlines,926,55,4649
40,Republic Airways,343,14,6030
40,SkyWest Airlines,2044,52,15467
40,Southwest Airlines,3492,69,26807
40,Spirit Airlines,616,14,4671
40,United Airlines,1691,47,15504
41,Alaska Airlines,709,58,4670
41,Allegiant Air,289,548,2275
41,American Airlines,2976,730,20198
41,Delta Air Lines,1826,726,20512
41,Endeavor Air,253,0,3904
41,Envoy Air,459,61,5412
41,Frontier Airlines,1030,463,4094
41,Hawaiian Airlines,188,2,1500
41,JetBlue Airways,598,478,4491
41,PSA Airlines,608,66,4888
41,Republic Airways,445,18,6188
41,SkyWest Airlines,2075,34,15906
41,Southwest Airlines,3397,1267,27292
41,Spirit Airlines,875,387,4917
41,United Airlines,1736,422,15540
42,Alaska Airlines,681,27,4697
42,Allegiant Air,346,23,2218
42,American Airlines,3245,24,20187
42,Delta Air Lines,2222,41,20501
42,Endeavor Air,450,0,3914
42,Envoy Air,531,1,5408
42,Frontier Airlines,1035,31,4123
42,Hawaiian Airlines,171,8,1482
42,JetBlue Airways,722,10,4550
42,PSA Airlines,686,5,4892
42,Republic Airways,858,4,6177
42,SkyWest Airlines,2473,12,15894
42,Southwest Airlines,3824,64,27287
42,Spirit Airlines,781,13,4990
42,United Airlines,2094,43,15522
43,Alaska Airlines,832,50,4669
43,Allegiant Air,221,0,2022
43,American Airlines,2913,4,20203
43,Delta Air Lines,1647,3,20022
43,Endeavor Air,230,0,3796
43,Envoy Air,522,0,5406
43,Frontier Airlines,795,19,4130
43,Hawaiian Airlines,201,29,1480
43,JetBlue Airways,547,1,4543
43,PSA Airlines,751,2,4890
43,Republic Airways,325,0,6158
43,SkyWest Airlines,2185,17,15743
43,Southwest Airlines,3022,100,27310
43,Spirit Airlines,603,4,4972
43,United Airlines,1392,25,15456
44,Alaska Airlines,696,30,4441
44,Allegiant Air,215,3,1815
44,American Airlines,3129,16,17936
44,Delta Air Lines,1342,0,17646
44,Endeavor Air,145,0,3376
44,Envoy Air,751,6,4865
44,Frontier Airlines,913,28,4123
44,Hawaiian Airlines,119,17,1477
44,JetBlue Airways,343,0,4185
44,PSA Airlines,473,0,4346
44,Republic Airways,300,0,6074
44,SkyWest Airlines,2107,31,14698
44,Southwest Airlines,3164,86,26124
44,Spirit Airlines,542,16,4695
44,United Airlines,1649,30,14882
45,Alaska Airlines,527,14,4531
45,Allegiant Air,234,1,1784
45,American Airlines,2961,428,17069
45,Delta Air Lines,1813,6,17864
45,Endeavor Air,337,0,3384
45,Envoy Air,649,125,4841
45,Frontier Airlines,935,98,3936
45,Hawaiian Airlines,165,5,1513
45,JetBlue Airways,445,0,4250
45,PSA Airlines,548,17,4509
45,Republic Airways,687,2,6437
45,SkyWest Airlines,2931,544,14755
45,Southwest Airlines,4478,264,25333
45,Spirit Airlines,509,23,4418
45,United Airlines,3117,67,14917
46,Alaska Airlines,714,21,4514
46,Allegiant Air,205,0,1782
46,American Airlines,2224,7,18297
46,Delta Air Lines,1456,10,19771
46,Endeavor Air,301,0,4069
46,Envoy Air,384,0,5262
46,Frontier Airlines,659,11,3916
46,Hawaiian Airlines,139,1,1511
46,JetBlue Airways,367,0,4261
46,PSA Airlines,485,0,4762
46,Republic Airways,624,18,6619
46,SkyWest Airlines,1897,5,15601
46,Southwest Airlines,2113,21,26275
46,Spirit Airlines,425,13,4188
46,United Airlines,1899,39,15036
47,Alaska Airlines,961,50,4643
47,Allegiant Air,321,1,2009
47,American Airlines,3100,41,18785
47,Delta Air Lines,2703,6,20490
47,Endeavor Air,512,4,4158
47,Envoy Air,735,60,5356
47,Frontier Airlines,880,12,3937
47,Hawaiian Airlines,193,10,1504
47,JetBlue Airways,1062,0,4789
47,PSA Airlines,807,15,4842
47,Republic Airways,1173,6,6683
47,SkyWest Airlines,2961,290,15823
47,Southwest Airlines,3061,58,27304
47,Spirit Airlines,761,8,4531
47,United Airlines,2878,65,15191
48,Alaska Airlines,777,26,4525
48,Allegiant Air,625,5,2817
48,American Airlines,2761,3,17781
48,Delta Air Lines,3098,2,19088
48,Endeavor Air,456,0,3678
48,Envoy Air,779,9,5017
48,Frontier Airlines,1080,12,4519
48,Hawaiian Airlines,115,10,1467
48,JetBlue Airways,1108,0,4783
48,PSA Airlines,665,0,4482
48,Republic Airways,744,2,5984
48,SkyWest Airlines,3189,83,14868
48,Southwest Airlines,2961,9,26364
48,Spirit Airlines,913,3,4775
48,United Airlines,2294,19,14550
49,Alaska Airlines,993,24,4354
49,Allegiant Air,430,18,1929
49,American Airlines,2934,11,17690
49,Delta Air Lines,2966,1,19288
49,Endeavor Air,731,0,4115
49,Envoy Air,884,8,5133
49,Frontier Airlines,630,0,3294
49,Hawaiian Airlines,151,7,1514
49,JetBlue Airways,1023,0,4532
49,PSA Airlines,1058,11,4748
49,Republic Airways,1181,48,6429
49,SkyWest Airlines,3209,178,15094
49,Southwest Airlines,3374,26,25212
49,Spirit Airlines,769,20,4279
49,United Airlines,2251,26,14344
50,Alaska Airlines,735,28,4364
50,Allegiant Air,337,17,1850
50,American Airlines,3139,11,17365
50,Delta Air Lines,2828,6,19786
50,Endeavor Air,730,17,4153
50,Envoy Air,713,47,5012
50,Frontier Airlines,482,5,3238
50,Hawaiian Airlines,169,7,1514
50,JetBlue Airways,884,54,4409
50,PSA Airlines,1336,109,4780
50,Republic Airways,1217,47,6391
50,SkyWest Airlines,2705,117,15054
50,Southwest Airlines,2582,70,25127
50,Spirit Airlines,508,7,3966
50,United Airlines,2278,28,14160
51,Alaska Airlines,1072,40,4535
51,Allegiant Air,676,16,2616
51,American Airlines,3754,220,18036
51,Delta Air Lines,4115,45,19051
51,Endeavor Air,848,4,4203
51,Envoy Air,805,61,5225
51,Frontier Airlines,1060,29,4408
51,Hawaiian Airlines,302,6,1544
51,JetBlue Airways,1677,167,4772
51,PSA Airlines,1276,45,4880
51,Republic Airways,1428,67,6462
51,SkyWest Airlines,3232,172,15370
51,Southwest Airlines,6510,314,26846
51,Spirit Airlines,1152,33,4305
51,United Airlines,2632,42,14615
52,Alaska Airlines,1001,15,4701
52,Allegiant Air,980,65,3245
52,American Airlines,5805,534,16865
52,Delta Air Lines,4317,13,17335
52,Endeavor Air,689,40,3366
52,Envoy Air,1483,177,4944
52,Frontier Airlines,1335,47,4419
52,Hawaiian Airlines,294,13,1494
52,JetBlue Airways,1929,6,4918
52,PSA Airlines,1412,63,4480
52,Republic Airways,758,5,5504
52,SkyWest Airlines,3210,377,14657
52,Southwest Airlines,7459,133,27324
52,Spirit Airlines,1166,35,4213
52,United Airlines,3344,195,14444
