bool_carrier_delay_min,bool_weather_delay_min,bool_traffic_delay_min,bool_security_delay_min,bool_late_aircraft_delay_min,carrier_name,is_late,cancelled,flight_number
False,False,False,False,False,Alaska Airlines,46499,4811,192775
False,False,False,False,False,Allegiant Air,15108,2018,92313
False,False,False,False,False,American Airlines,152242,15252,731821
False,False,False,False,False,Delta Air Lines,143305,9147,836923
False,False,False,False,False,Endeavor Air,20120,4608,169212
False,False,False,False,False,Envoy Air,44015,3985,222523
False,False,False,False,False,Frontier Airlines,30401,4835,150144
False,False,False,False,False,Hawaiian Airlines,21349,822,66532
False,False,False,False,False,JetBlue Airways,31430,3735,180161
False,False,False,False,False,PSA Airlines,33821,3751,179277
False,False,False,False,False,Republic Airways,34248,5576,259911
False,False,False,False,False,SkyWest Airlines,108797,8527,605234
False,False,False,False,False,Southwest Airlines,248104,11772,1130005
False,False,False,False,False,Spirit Airlines,35470,4998,199940
False,False,False,False,False,United Airlines,107129,12478,612339
False,False,False,False,True,Alaska Airlines,10506,0,10506
False,False,False,False,True,Allegiant Air,3125,0,3125
False,False,False,False,True,American Airlines,33950,0,33950
False,False,False,False,True,Delta Air Lines,20361,0,20361
False,False,False,False,True,Endeavor Air,4902,0,4902
False,False,False,False,True,Envoy Air,6779,0,6779
False,False,False,False,True,Frontier Airlines,15064,0,15064
False,False,False,False,True,Hawaiian Airlines,1573,0,1573
False,False,False,False,True,JetBlue Airways,2885,0,2885
False,False,False,False,True,PSA Airlines,6815,0,6815
False,False,False,False,True,Republic Airways,4535,0,4535
False,False,False,False,True,SkyWest Airlines,17288,0,17288
False,False,False,False,True,Southwest Airlines,50238,0,50238
False,False,False,False,True,Spirit Airlines,5173,0,5173
False,False,False,False,True,United Airlines,13743,0,13743
False,False,False,True,False,Alaska Airlines,157,0,157
False,False,False,True,False,Allegiant Air,46,0,46
False,False,False,True,False,American Airlines,276,0,276
False,False,False,True,False,Delta Air Lines,74,0,74
False,False,False,True,False,Endeavor Air,11,0,11
False,False,False,True,False,Envoy Air,48,0,48
False,False,False,True,False,Hawaiian Airlines,21,0,21
False,False,False,True,False,JetBlue Airways,37,0,37
False,False,False,True,False,PSA Airlines,60,0,60
False,False,False,True,False,Republic Airways,37,0,37
False,False,False,True,False,SkyWest Airlines,215,0,215
False,False,False,True,False,Southwest Airlines,431,0,431
False,False,False,True,False,Spirit Airlines,138,0,138
False,False,False,True,False,United Airlines,5,0,5
False,False,False,True,True,Alaska Airlines,81,0,81
False,False,False,True,True,Allegiant Air,56,0,56
False,False,False,True,True,American Airlines,710,0,710
False,False,False,True,True,Delta Air Lines,20,0,20
False,False,False,True,True,Endeavor Air,7,0,7
False,False,False,True,True,Envoy Air,98,0,98
False,False,False,True,True,Hawaiian Airlines,7,0,7
False,False,False,True,True,JetBlue Airways,117,0,117
False,False,False,True,True,PSA Airlines,176,0,176
False,False,False,True,True,Republic Airways,18,0,18
False,False,False,True,True,Southwest Airlines,607,0,607
False,False,False,True,True,Spirit Airlines,11,0,11
False,False,False,True,True,United Airlines,11,0,11
False,False,True,False,False,Alaska Airlines,13558,0,13558
False,False,True,False,False,Allegiant Air,3592,0,3592
False,False,True,False,False,American Airlines,29637,0,29637
False,False,True,False,False,Delta Air Lines,33782,0,33782
False,False,True,False,False,Endeavor Air,6345,0,6345
False,False,True,False,False,Envoy Air,9107,0,9107
False,False,True,False,False,Frontier Airlines,8718,0,8718
False,False,True,False,False,Hawaiian Airlines,174,0,174
False,False,True,False,False,JetBlue Airways,9880,0,9880
False,False,True,False,False,PSA Airlines,6917,0,6917
False,False,True,False,False,Republic Airways,13207,0,13207
False,False,True,False,False,SkyWest Airlines,14492,0,14492
False,False,True,False,False,Southwest Airlines,31821,0,31821
False,False,True,False,False,Spirit Airlines,17534,0,17534
False,False,True,False,False,United Airlines,36432,0,36432
False,False,True,False,True,Alaska Airlines,8219,0,8219
False,False,True,False,True,Allegiant Air,3977,0,3977
False,False,True,False,True,American Airlines,22588,0,22588
False,False,True,False,True,Delta Air Lines,14230,0,14230
False,False,True,False,True,Endeavor Air,4508,0,4508
False,False,True,False,True,Envoy Air,6729,0,6729
False,False,True,False,True,Frontier Airlines,8063,0,8063
False,False,True,False,True,Hawaiian Airlines,112,0,112
False,False,True,False,True,JetBlue Airways,4173,0,4173
False,False,True,False,True,PSA Airlines,5570,0,5570
False,False,True,False,True,Republic Airways,4788,0,4788
False,False,True,False,True,SkyWest Airlines,11919,0,11919
False,False,True,False,True,Southwest Airlines,29254,0,29254
False,False,True,False,True,Spirit Airlines,4201,0,4201
False,False,True,False,True,United Airlines,8001,0,8001
False,False,True,True,False,Alaska Airlines,252,0,252
False,False,True,True,False,Allegiant Air,64,0,64
False,False,True,True,False,American Airlines,339,0,339
False,False,True,True,False,Delta Air Lines,28,0,28
False,False,True,True,False,Endeavor Air,6,0,6
False,False,True,True,False,Envoy Air,65,0,65
False,False,True,True,False,Hawaiian Airlines,1,0,1
False,False,True,True,False,JetBlue Airways,55,0,55
False,False,True,True,False,PSA Airlines,59,0,59
False,False,True,True,False,Republic Airways,22,0,22
False,False,True,True,False,SkyWest Airlines,224,0,224
False,False,True,True,False,Southwest Airlines,300,0,300
False,False,True,True,False,Spirit Airlines,502,0,502
False,False,True,True,False,United Airlines,4,0,4
False,False,True,True,True,Alaska Airlines,116,0,116
False,False,True,True,True,Allegiant Air,26,0,26
False,False,True,True,True,American Airlines,346,0,346
False,False,True,True,True,Delta Air Lines,6,0,6
False,False,True,True,True,Endeavor Air,3,0,3
False,False,True,True,True,Envoy Air,49,0,49
False,False,True,True,True,JetBlue Airways,60,0,60
False,False,True,True,True,PSA Airlines,99,0,99
False,False,True,True,True,Republic Airways,11,0,11
False,False,True,True,True,Southwest Airlines,221,0,221
False,False,True,True,True,Spirit Airlines,356,0,356
False,False,True,True,True,United Airlines,6,0,6
False,True,False,False,False,Alaska Airlines,456,0,456
False,True,False,False,False,Allegiant Air,867,0,867
False,True,False,False,False,American Airlines,2527,0,2527
False,True,False,False,False,Delta Air Lines,1966,0,1966
False,True,False,False,False,Endeavor Air,471,0,471
False,True,False,False,False,Envoy Air,932,0,932
False,True,False,False,False,Frontier Airlines,283,0,283
False,True,False,False,False,Hawaiian Airlines,104,0,104
False,True,False,False,False,JetBlue Airways,259,0,259
False,True,False,False,False,PSA Airlines,732,0,732
False,True,False,False,False,Republic Airways,559,0,559
False,True,False,False,False,SkyWest Airlines,9493,0,9493
False,True,False,False,False,Southwest Airlines,1062,0,1062
False,True,False,False,False,Spirit Airlines,514,0,514
False,True,False,False,False,United Airlines,1730,0,1730
False,True,False,False,True,Alaska Airlines,163,0,163
False,True,False,False,True,Allegiant Air,464,0,464
False,True,False,False,True,American Airlines,6507,0,6507
False,True,False,False,True,Delta Air Lines,1485,0,1485
False,True,False,False,True,Endeavor Air,405,0,405
False,True,False,False,True,Envoy Air,2309,0,2309
False,True,False,False,True,Frontier Airlines,275,0,275
False,True,False,False,True,Hawaiian Airlines,203,0,203
False,True,False,False,True,JetBlue Airways,367,0,367
False,True,False,False,True,PSA Airlines,1731,0,1731
False,True,False,False,True,Republic Airways,385,0,385
False,True,False,False,True,Southwest Airlines,2188,0,2188
False,True,False,False,True,Spirit Airlines,15,0,15
False,True,False,False,True,United Airlines,1259,0,1259
False,True,False,True,False,American Airlines,1,0,1
False,True,False,True,False,Delta Air Lines,1,0,1
False,True,False,True,False,Envoy Air,1,0,1
False,True,False,True,False,Hawaiian Airlines,3,0,3
False,True,False,True,False,Spirit Airlines,1,0,1
False,True,False,True,True,American Airlines,1,0,1
False,True,False,True,True,Envoy Air,1,0,1
False,True,False,True,True,PSA Airlines,1,0,1
False,True,False,True,True,Republic Airways,1,0,1
False,True,True,False,False,Alaska Airlines,1095,0,1095
False,True,True,False,False,Allegiant Air,721,0,721
False,True,True,False,False,American Airlines,4857,0,4857
False,True,True,False,False,Delta Air Lines,2371,0,2371
False,True,True,False,False,Endeavor Air,511,0,511
False,True,True,False,False,Envoy Air,2274,0,2274
False,True,True,False,False,Frontier Airlines,456,0,456
False,True,True,False,False,Hawaiian Airlines,14,0,14
False,True,True,False,False,JetBlue Airways,521,0,521
False,True,True,False,False,PSA Airlines,1217,0,1217
False,True,True,False,False,Republic Airways,1037,0,1037
False,True,True,False,False,SkyWest Airlines,8184,0,8184
False,True,True,False,False,Southwest Airlines,1395,0,1395
False,True,True,False,False,Spirit Airlines,1426,0,1426
False,True,True,False,False,United Airlines,2771,0,2771
False,True,True,False,True,Alaska Airlines,354,0,354
False,True,True,False,True,Allegiant Air,436,0,436
False,True,True,False,True,American Airlines,5490,0,5490
False,True,True,False,True,Delta Air Lines,1225,0,1225
False,True,True,False,True,Endeavor Air,416,0,416
False,True,True,False,True,Envoy Air,2655,0,2655
False,True,True,False,True,Frontier Airlines,391,0,391
False,True,True,False,True,Hawaiian Airlines,18,0,18
False,True,True,False,True,JetBlue Airways,328,0,328
False,True,True,False,True,PSA Airlines,1447,0,1447
False,True,True,False,True,Republic Airways,484,0,484
False,True,True,False,True,Southwest Airlines,2146,0,2146
False,True,True,False,True,Spirit Airlines,640,0,640
False,True,True,False,True,United Airlines,1231,0,1231
False,True,True,True,False,Allegiant Air,1,0,1
False,True,True,True,False,American Airlines,2,0,2
False,True,True,True,False,Delta Air Lines,1,0,1
False,True,True,True,False,Spirit Airlines,4,0,4
False,True,True,True,True,Allegiant Air,1,0,1
False,True,True,True,True,American Airlines,2,0,2
False,True,True,True,True,Republic Airways,1,0,1
True,False,False,False,False,Alaska Airlines,6856,0,6856
True,False,False,False,False,Allegiant Air,3423,0,3423
True,False,False,False,False,American Airlines,34355,0,34355
True,False,False,False,False,Delta Air Lines,38871,0,38871
True,False,False,False,False,Endeavor Air,4662,0,4662
True,False,False,False,False,Envoy Air,5662,0,5662
True,False,False,False,False,Frontier Airlines,5991,0,5991
True,False,False,False,False,Hawaiian Airlines,5208,0,5208
True,False,False,False,False,JetBlue Airways,8799,0,8799
True,False,False,False,False,PSA Airlines,5820,0,5820
True,False,False,False,False,Republic Airways,5635,0,5635
True,False,False,False,False,SkyWest Airlines,53313,0,53313
True,False,False,False,False,Southwest Airlines,31874,0,31874
True,False,False,False,False,Spirit Airlines,7622,0,7622
True,False,False,False,False,United Airlines,22070,0,22070
True,False,False,False,True,Alaska Airlines,1669,0,1669
True,False,False,False,True,Allegiant Air,3212,0,3212
True,False,False,False,True,American Airlines,52890,0,52890
True,False,False,False,True,Delta Air Lines,21304,0,21304
True,False,False,False,True,Endeavor Air,3694,0,3694
True,False,False,False,True,Envoy Air,8808,0,8808
True,False,False,False,True,Frontier Airlines,6859,0,6859
True,False,False,False,True,Hawaiian Airlines,3745,0,3745
True,False,False,False,True,JetBlue Airways,16493,0,16493
True,False,False,False,True,PSA Airlines,7975,0,7975
True,False,False,False,True,Republic Airways,3541,0,3541
True,False,False,False,True,Southwest Airlines,80500,0,80500
True,False,False,False,True,Spirit Airlines,390,0,390
True,False,False,False,True,United Airlines,30757,0,30757
True,False,False,True,False,Allegiant Air,3,0,3
True,False,False,True,False,American Airlines,47,0,47
True,False,False,True,False,Delta Air Lines,20,0,20
True,False,False,True,False,Endeavor Air,2,0,2
True,False,False,True,False,Envoy Air,8,0,8
True,False,False,True,False,Hawaiian Airlines,64,0,64
True,False,False,True,False,JetBlue Airways,15,0,15
True,False,False,True,False,PSA Airlines,18,0,18
True,False,False,True,False,Republic Airways,5,0,5
True,False,False,True,False,Spirit Airlines,4,0,4
True,False,False,True,True,Allegiant Air,1,0,1
True,False,False,True,True,American Airlines,84,0,84
True,False,False,True,True,Delta Air Lines,6,0,6
True,False,False,True,True,Envoy Air,9,0,9
True,False,False,True,True,Hawaiian Airlines,12,0,12
True,False,False,True,True,PSA Airlines,25,0,25
True,False,False,True,True,Republic Airways,1,0,1
True,False,False,True,True,Spirit Airlines,2,0,2
True,False,True,False,False,Alaska Airlines,7113,0,7113
True,False,True,False,False,Allegiant Air,2533,0,2533
True,False,True,False,False,American Airlines,29848,0,29848
True,False,True,False,False,Delta Air Lines,24473,0,24473
True,False,True,False,False,Endeavor Air,2761,0,2761
True,False,True,False,False,Envoy Air,5825,0,5825
True,False,True,False,False,Frontier Airlines,5711,0,5711
True,False,True,False,False,Hawaiian Airlines,204,0,204
True,False,True,False,False,JetBlue Airways,8613,0,8613
True,False,True,False,False,PSA Airlines,5290,0,5290
True,False,True,False,False,Republic Airways,4513,0,4513
True,False,True,False,False,SkyWest Airlines,24296,0,24296
True,False,True,False,False,Southwest Airlines,22618,0,22618
True,False,True,False,False,Spirit Airlines,13111,0,13111
True,False,True,False,False,United Airlines,18096,0,18096
True,False,True,False,True,Alaska Airlines,2449,0,2449
True,False,True,False,True,Allegiant Air,2183,0,2183
True,False,True,False,True,American Airlines,27121,0,27121
True,False,True,False,True,Delta Air Lines,11156,0,11156
True,False,True,False,True,Endeavor Air,2091,0,2091
True,False,True,False,True,Envoy Air,5926,0,5926
True,False,True,False,True,Frontier Airlines,6647,0,6647
True,False,True,False,True,Hawaiian Airlines,128,0,128
True,False,True,False,True,JetBlue Airways,7403,0,7403
True,False,True,False,True,PSA Airlines,4596,0,4596
True,False,True,False,True,Republic Airways,2653,0,2653
True,False,True,False,True,Southwest Airlines,34759,0,34759
True,False,True,False,True,Spirit Airlines,9108,0,9108
True,False,True,False,True,United Airlines,11996,0,11996
True,False,True,True,False,Allegiant Air,3,0,3
True,False,True,True,False,American Airlines,42,0,42
True,False,True,True,False,Delta Air Lines,8,0,8
True,False,True,True,False,Envoy Air,6,0,6
True,False,True,True,False,Hawaiian Airlines,1,0,1
True,False,True,True,False,JetBlue Airways,14,0,14
True,False,True,True,False,PSA Airlines,12,0,12
True,False,True,True,False,Republic Airways,2,0,2
True,False,True,True,False,Spirit Airlines,142,0,142
True,False,True,True,True,American Airlines,35,0,35
True,False,True,True,True,Delta Air Lines,2,0,2
True,False,True,True,True,Envoy Air,8,0,8
True,False,True,True,True,PSA Airlines,8,0,8
True,False,True,True,True,Spirit Airlines,77,0,77
True,True,False,False,False,Allegiant Air,77,0,77
True,True,False,False,False,American Airlines,177,0,177
True,True,False,False,False,Delta Air Lines,249,0,249
True,True,False,False,False,Endeavor Air,34,0,34
True,True,False,False,False,Envoy Air,34,0,34
True,True,False,False,False,Frontier Airlines,9,0,9
True,True,False,False,False,Hawaiian Airlines,188,0,188
True,True,False,False,False,JetBlue Airways,40,0,40
True,True,False,False,False,PSA Airlines,31,0,31
True,True,False,False,False,Republic Airways,23,0,23
True,True,False,False,False,Spirit Airlines,4,0,4
True,True,False,False,True,Allegiant Air,7,0,7
True,True,False,False,True,American Airlines,274,0,274
True,True,False,False,True,Delta Air Lines,222,0,222
True,True,False,False,True,Endeavor Air,11,0,11
True,True,False,False,True,Envoy Air,30,0,30
True,True,False,False,True,Frontier Airlines,2,0,2
True,True,False,False,True,Hawaiian Airlines,213,0,213
True,True,False,False,True,PSA Airlines,37,0,37
True,True,False,False,True,Republic Airways,23,0,23
True,True,False,True,False,Allegiant Air,1,0,1
True,True,False,True,False,Hawaiian Airlines,1,0,1
True,True,True,False,False,Allegiant Air,56,0,56
True,True,True,False,False,American Airlines,166,0,166
True,True,True,False,False,Delta Air Lines,229,0,229
True,True,True,False,False,Endeavor Air,33,0,33
True,True,True,False,False,Envoy Air,39,0,39
True,True,True,False,False,Frontier Airlines,6,0,6
True,True,True,False,False,Hawaiian Airlines,2,0,2
True,True,True,False,False,JetBlue Airways,62,0,62
True,True,True,False,False,PSA Airlines,35,0,35
True,True,True,False,False,Republic Airways,33,0,33
True,True,True,False,False,Spirit Airlines,151,0,151
True,True,True,False,True,Allegiant Air,22,0,22
True,True,True,False,True,American Airlines,213,0,213
True,True,True,False,True,Delta Air Lines,181,0,181
True,True,True,False,True,Endeavor Air,9,0,9
True,True,True,False,True,Envoy Air,30,0,30
True,True,True,False,True,Frontier Airlines,4,0,4
True,True,True,False,True,Hawaiian Airlines,2,0,2
True,True,True,False,True,PSA Airlines,23,0,23
True,True,True,False,True,Republic Airways,40,0,40
True,True,True,False,True,Spirit Airlines,37,0,37
