month,carrier_name,is_late,cancelled,flight_number
1,Alaska Airlines,6,4,25
1,Allegiant Air,2,0,11
1,American Airlines,27,3,93
1,Delta Air Lines,25,0,120
1,Endeavor Air,7,1,24
1,Envoy Air,7,1,30
1,Frontier Airlines,8,0,28
1,Hawaiian Airlines,1,0,8
1,JetBlue Airways,9,0,23
1,PSA Airlines,5,2,19
1,Republic Airways,3,0,31
1,SkyWest Airlines,17,1,85
1,Southwest Airlines,41,4,139
1,Spirit Airlines,6,0,24
1,United Airlines,15,4,84
2,Alaska Airlines,4,0,23
2,Allegiant Air,4,0,12
2,American Airlines,15,1,100
2,Delta Air Lines,5,0,110
2,Endeavor Air,2,0,21
2,Envoy Air,2,0,27
2,Frontier Airlines,4,0,21
2,Hawaiian Airlines,1,0,14
2,JetBlue Airways,5,0,27
2,PSA Airlines,5,0,17
2,Republic Airways,0,1,27
2,SkyWest Airlines,10,3,60
2,Southwest Airlines,28,1,148
2,Spirit Airlines,7,0,23
2,United Airlines,7,0,86
3,Alaska Airlines,6,0,21
3,Allegiant Air,4,1,17
3,American Airlines,39,0,119
3,Delta Air Lines,16,0,109
3,Endeavor Air,3,0,27
3,Envoy Air,5,0,31
3,Frontier Airlines,8,1,24
3,Hawaiian Airlines,1,0,5
3,JetBlue Airways,11,0,33
3,PSA Airlines,6,0,32
3,Republic Airways,2,0,36
3,SkyWest Airlines,14,0,78
3,Southwest Airlines,43,1,188
3,Spirit Airlines,10,1,30
3,United Airlines,12,0,86
4,Alaska Airlines,4,0,19
4,Allegiant Air,5,0,16
4,American Airlines,23,0,109
4,Delta Air Lines,28,0,121
4,Endeavor Air,1,0,23
4,Envoy Air,8,2,37
4,Frontier Airlines,9,0,18
4,Hawaiian Airlines,2,0,8
4,JetBlue Airways,6,0,27
4,PSA Airlines,7,0,31
4,Republic Airways,4,1,35
4,SkyWest Airlines,14,1,103
4,Southwest Airlines,34,2,193
4,Spirit Airlines,4,0,43
4,United Airlines,21,0,73
5,Alaska Airlines,3,0,31
5,Allegiant Air,5,0,16
5,American Airlines,52,6,139
5,Delta Air Lines,24,0,126
5,Endeavor Air,3,0,21
5,Envoy Air,6,0,35
5,Frontier Airlines,8,0,29
5,Hawaiian Airlines,0,0,4
5,JetBlue Airways,5,0,26
5,PSA Airlines,7,0,22
5,Republic Airways,6,0,36
5,SkyWest Airlines,11,1,70
5,Southwest Airlines,44,2,183
5,Spirit Airlines,3,0,29
5,United Airlines,17,0,66
6,Alaska Airlines,8,1,29
6,Allegiant Air,2,0,13
6,American Airlines,41,4,121
6,Delta Air Lines,21,0,108
6,Endeavor Air,2,1,16
6,Envoy Air,9,1,36
6,Frontier Airlines,7,1,18
6,Hawaiian Airlines,1,0,6
6,JetBlue Airways,8,1,26
6,PSA Airlines,2,2,22
6,Republic Airways,3,2,31
6,SkyWest Airlines,18,0,88
6,Southwest Airlines,51,1,199
6,Spirit Airlines,8,1,34
6,United Airlines,28,0,98
7,Alaska Airlines,8,0,35
7,Allegiant Air,3,0,18
7,American Airlines,47,4,128
7,Delta Air Lines,38,6,139
7,Endeavor Air,7,4,25
7,Envoy Air,7,0,31
7,Frontier Airlines,10,1,25
7,Hawaiian Airlines,0,0,6
7,JetBlue Airways,13,0,36
7,PSA Airlines,13,0,32
7,Republic Airways,7,1,38
7,SkyWest Airlines,28,0,91
7,Southwest Airlines,57,1,179
7,Spirit Airlines,9,6,38
7,United Airlines,26,5,96
8,Alaska Airlines,6,0,27
8,Allegiant Air,3,0,9
8,American Airlines,35,1,126
8,Delta Air Lines,25,0,117
8,Endeavor Air,3,0,30
8,Envoy Air,5,0,33
8,Frontier Airlines,8,1,26
8,Hawaiian Airlines,0,0,5
8,JetBlue Airways,6,0,28
8,PSA Airlines,6,2,34
8,Republic Airways,7,1,41
8,SkyWest Airlines,22,1,96
8,Southwest Airlines,24,0,161
8,Spirit Airlines,18,1,48
8,United Airlines,22,0,86
9,Alaska Airlines,4,0,41
9,Allegiant Air,5,0,12
9,American Airlines,26,0,117
9,Delta Air Lines,13,1,133
9,Endeavor Air,2,0,19
9,Envoy Air,5,0,31
9,Frontier Airlines,10,1,32
9,Hawaiian Airlines,0,0,7
9,JetBlue Airways,2,0,19
9,PSA Airlines,4,1,29
9,Republic Airways,3,0,32
9,SkyWest Airlines,12,0,101
9,Southwest Airlines,23,1,158
9,Spirit Airlines,2,1,23
9,United Airlines,12,0,82
10,Alaska Airlines,7,0,25
10,Allegiant Air,1,0,10
10,American Airlines,17,1,134
10,Delta Air Lines,11,2,142
10,Endeavor Air,2,0,30
10,Envoy Air,2,0,42
10,Frontier Airlines,3,2,34
10,Hawaiian Airlines,0,0,10
10,JetBlue Airways,5,0,26
10,PSA Airlines,6,2,30
10,Republic Airways,1,0,48
10,SkyWest Airlines,12,0,120
10,Southwest Airlines,20,6,171
10,Spirit Airlines,1,0,22
10,United Airlines,19,0,102
11,Alaska Airlines,3,0,26
11,Allegiant Air,5,0,17
11,American Airlines,24,1,99
11,Delta Air Lines,11,0,114
11,Endeavor Air,2,0,23
11,Envoy Air,8,0,37
11,Frontier Airlines,2,0,16
11,Hawaiian Airlines,2,0,13
11,JetBlue Airways,7,0,27
11,PSA Airlines,3,0,22
11,Republic Airways,5,0,44
11,SkyWest Airlines,22,0,93
11,Southwest Airlines,18,0,151
11,Spirit Airlines,6,0,25
11,United Airlines,21,0,91
12,Alaska Airlines,3,0,21
12,Allegiant Air,8,1,21
12,American Airlines,24,1,100
12,Delta Air Lines,24,0,120
12,Endeavor Air,3,0,19
12,Envoy Air,7,0,36
12,Frontier Airlines,7,0,24
12,Hawaiian Airlines,0,1,9
12,JetBlue Airways,8,0,33
12,PSA Airlines,14,0,36
12,Republic Airways,5,0,35
12,SkyWest Airlines,24,2,95
12,Southwest Airlines,26,1,152
12,Spirit Airlines,6,0,22
12,United Airlines,18,2,83
